row_id,target
0-4,0.0015077306548561004
0-32,0.001560056338979151
0-34,0.001560056338979151
